{
    "function": "bin.tabr.main",
    "gpus": [],
    "config": {
        "seed": 0,
        "batch_size": 256,
        "patience": 16,
        "n_epochs": Infinity,
        "context_size": 96,
        "data": {
            "seed": 0,
            "cache": true,
            "path": ":data/california",
            "num_policy": "quantile",
            "cat_policy": null,
            "y_policy": "standard"
        },
        "model": {
            "num_embeddings": null,
            "d_main": 303,
            "context_dropout": 0.23258422826138023,
            "d_multiplier": 2.0,
            "encoder_n_blocks": 0,
            "predictor_n_blocks": 1,
            "mixer_normalization": "auto",
            "dropout0": 0.5508268685197037,
            "dropout1": 0.0,
            "normalization": "LayerNorm",
            "activation": "ReLU"
        },
        "optimizer": {
            "type": "AdamW",
            "lr": 0.000280842117039655,
            "weight_decay": 0.0
        }
    },
    "n_parameters": 832948,
    "prediction_type": null,
    "best_epoch": 19,
    "metrics": {
        "val": {
            "rmse": 0.4255465675530695,
            "mae": 0.26546028737881855,
            "r2": 0.8611135064636657,
            "score": -0.4255465675530695
        },
        "test": {
            "rmse": 0.41543860641735525,
            "mae": 0.2664230004375643,
            "r2": 0.8676417196077181,
            "score": -0.41543860641735525
        }
    }
}
